Match ID,Home ID,Away ID,Home Name,Away Name,Home Formation,Away Formation,Home Goals,Away Goals,Home Goals Conceded,Away Goals Conceded,Home Passes,Away Passes,Red Cards Home,Red Cards Away,Home Pass Quality,Away Pass Quality
38678,131,11,Brighton,Man City,451.0,4411.0,1.0,4.0,4.0,1.0,245.0,796.0,0.0,0.0,0.75,0.95
38659,43,11,Burnley,Man City,442.0,433.0,0.0,1.0,1.0,0.0,263.0,608.0,0.0,0.0,0.85,0.95
38640,6,11,Crystal Palace,Man City,451.0,4231.0,1.0,3.0,3.0,1.0,274.0,721.0,0.0,0.0,0.75,0.95
38623,34,11,Fulham,Man City,541.0,433.0,0.0,2.0,2.0,0.0,359.0,679.0,0.0,0.0,0.65,0.95
38492,26,11,Leicester,Man City,433.0,433.0,2.0,1.0,1.0,2.0,320.0,613.0,0.0,1.0,0.85,0.95
38383,10,11,Liverpool,Man City,433.0,4231.0,0.0,0.0,0.0,0.0,515.0,528.0,0.0,0.0,0.95,0.95
38613,12,11,Man Utd,Man City,532.0,433.0,0.0,2.0,2.0,0.0,406.0,702.0,0.0,0.0,0.95,0.95
38505,20,11,Southampton,Man City,4321.0,433.0,1.0,3.0,3.0,1.0,235.0,783.0,1.0,0.0,0.65,0.95
38406,21,11,Spurs,Man City,4231.0,433.0,0.0,1.0,1.0,0.0,476.0,514.0,0.0,0.0,0.95,0.95
38453,33,11,Watford,Man City,4141.0,433.0,1.0,2.0,2.0,1.0,308.0,714.0,0.0,0.0,0.75,0.95
38462,4,11,Chelsea,Man City,433.0,433.0,2.0,0.0,0.0,2.0,410.0,640.0,0.0,0.0,0.95,0.95
38531,159,11,Huddersfield,Man City,451.0,433.0,0.0,3.0,3.0,0.0,345.0,734.0,0.0,0.0,0.65,0.95
38308,1,11,Arsenal,Man City,4231.0,4231.0,0.0,2.0,2.0,0.0,401.0,555.0,0.0,0.0,0.85,0.95
38588,127,11,Bournemouth,Man City,541.0,433.0,0.0,1.0,1.0,0.0,176.0,809.0,0.0,0.0,0.75,0.95
38436,25,11,West Ham,Man City,4231.0,433.0,0.0,4.0,4.0,0.0,359.0,839.0,0.0,0.0,0.75,0.95
38337,38,11,Wolves,Man City,3421.0,433.0,1.0,1.0,1.0,1.0,260.0,644.0,0.0,0.0,0.65,0.95
38361,46,11,Cardiff,Man City,4411.0,433.0,0.0,5.0,5.0,0.0,218.0,799.0,0.0,0.0,0.65,0.95
38545,23,11,Newcastle,Man City,541.0,433.0,2.0,1.0,1.0,2.0,239.0,767.0,0.0,0.0,0.85,0.95
38573,7,11,Everton,Man City,4231.0,433.0,0.0,2.0,2.0,0.0,336.0,546.0,0.0,0.0,0.85,0.95
38658,131,23,Brighton,Newcastle,442.0,541.0,1.0,1.0,1.0,1.0,461.0,488.0,0.0,0.0,0.75,0.85
38430,43,23,Burnley,Newcastle,442.0,541.0,1.0,2.0,2.0,1.0,585.0,450.0,0.0,0.0,0.85,0.85
38362,6,23,Crystal Palace,Newcastle,433.0,4411.0,0.0,0.0,0.0,0.0,481.0,299.0,0.0,0.0,0.75,0.85
38681,34,23,Fulham,Newcastle,4231.0,541.0,0.0,4.0,4.0,0.0,765.0,358.0,0.0,0.0,0.65,0.85
38642,26,23,Leicester,Newcastle,4141.0,541.0,0.0,1.0,1.0,0.0,773.0,303.0,0.0,0.0,0.85,0.85
38493,10,23,Liverpool,Newcastle,4231.0,532.0,4.0,0.0,0.0,4.0,723.0,233.0,0.0,0.0,0.95,0.85
38384,12,23,Man Utd,Newcastle,433.0,4411.0,3.0,2.0,2.0,3.0,610.0,222.0,0.0,0.0,0.95,0.85
38405,20,23,Southampton,Newcastle,442.0,4411.0,0.0,0.0,0.0,0.0,405.0,414.0,0.0,0.0,0.65,0.85
38556,21,23,Spurs,Newcastle,4231.0,541.0,1.0,0.0,0.0,1.0,744.0,295.0,0.0,0.0,0.95,0.85
38507,33,23,Watford,Newcastle,4222.0,541.0,1.0,1.0,1.0,1.0,566.0,326.0,0.0,0.0,0.75,0.85
38345,11,23,Man City,Newcastle,4132.0,541.0,2.0,1.0,1.0,2.0,767.0,217.0,0.0,0.0,0.95,0.85
38521,4,23,Chelsea,Newcastle,433.0,541.0,2.0,1.0,1.0,2.0,698.0,351.0,0.0,0.0,0.95,0.85
38471,159,23,Huddersfield,Newcastle,3511.0,3511.0,0.0,1.0,1.0,0.0,624.0,233.0,0.0,0.0,0.65,0.85
38618,1,23,Arsenal,Newcastle,3421.0,541.0,2.0,0.0,0.0,2.0,700.0,285.0,0.0,0.0,0.85,0.85
38608,127,23,Bournemouth,Newcastle,442.0,541.0,2.0,2.0,2.0,2.0,403.0,423.0,0.0,0.0,0.75,0.85
38596,25,23,West Ham,Newcastle,4141.0,541.0,2.0,0.0,0.0,2.0,538.0,422.0,0.0,0.0,0.75,0.85
38567,38,23,Wolves,Newcastle,352.0,3511.0,1.0,1.0,1.0,1.0,623.0,434.0,0.0,0.0,0.65,0.85
38320,46,23,Cardiff,Newcastle,433.0,4411.0,0.0,0.0,0.0,0.0,314.0,305.0,0.0,1.0,0.65,0.85
38456,7,23,Everton,Newcastle,4231.0,541.0,1.0,1.0,1.0,1.0,646.0,204.0,0.0,0.0,0.85,0.85
38609,131,46,Brighton,Cardiff,4231.0,4231.0,0.0,2.0,2.0,0.0,520.0,302.0,0.0,0.0,0.75,0.65
38639,43,46,Burnley,Cardiff,442.0,4231.0,2.0,0.0,0.0,2.0,280.0,349.0,0.0,0.0,0.85,0.65
38490,6,46,Crystal Palace,Cardiff,442.0,541.0,0.0,0.0,0.0,0.0,487.0,303.0,0.0,0.0,0.75,0.65
38661,34,46,Fulham,Cardiff,4231.0,4231.0,1.0,0.0,0.0,1.0,623.0,220.0,0.0,0.0,0.65,0.65
38502,26,46,Leicester,Cardiff,4231.0,4141.0,0.0,1.0,1.0,0.0,448.0,273.0,0.0,0.0,0.85,0.65
38403,10,46,Liverpool,Cardiff,4231.0,4411.0,4.0,1.0,1.0,4.0,818.0,207.0,0.0,0.0,0.95,0.65
38684,12,46,Man Utd,Cardiff,4312.0,4411.0,0.0,2.0,2.0,0.0,620.0,223.0,0.0,0.0,0.95,0.65
38564,20,46,Southampton,Cardiff,352.0,3412.0,1.0,2.0,2.0,1.0,539.0,267.0,0.0,0.0,0.65,0.65
38386,21,46,Spurs,Cardiff,442.0,4141.0,1.0,0.0,0.0,1.0,685.0,222.0,0.0,1.0,0.95,0.65
38476,33,46,Watford,Cardiff,4222.0,4141.0,3.0,2.0,2.0,3.0,663.0,255.0,0.0,0.0,0.75,0.65
38632,11,46,Man City,Cardiff,433.0,4411.0,2.0,0.0,0.0,2.0,676.0,185.0,0.0,0.0,0.95,0.65
38349,4,46,Chelsea,Cardiff,433.0,4411.0,4.0,1.0,1.0,4.0,766.0,227.0,0.0,0.0,0.95,0.65
38331,159,46,Huddersfield,Cardiff,4231.0,4141.0,0.0,0.0,0.0,0.0,396.0,289.0,1.0,0.0,0.65,0.65
38538,1,46,Arsenal,Cardiff,4312.0,352.0,2.0,1.0,1.0,2.0,590.0,232.0,0.0,0.0,0.85,0.65
38309,127,46,Bournemouth,Cardiff,442.0,4141.0,2.0,0.0,0.0,2.0,502.0,287.0,0.0,0.0,0.75,0.65
38454,25,46,West Ham,Cardiff,442.0,4141.0,3.0,1.0,1.0,3.0,461.0,295.0,0.0,0.0,0.75,0.65
38597,38,46,Wolves,Cardiff,352.0,41212.0,2.0,0.0,0.0,2.0,473.0,354.0,0.0,0.0,0.65,0.65
38534,23,46,Newcastle,Cardiff,541.0,442.0,3.0,0.0,0.0,3.0,375.0,325.0,0.0,0.0,0.85,0.65
38431,7,46,Everton,Cardiff,4231.0,4141.0,1.0,0.0,0.0,1.0,517.0,220.0,0.0,0.0,0.85,0.65
38638,131,127,Brighton,Bournemouth,433.0,442.0,0.0,5.0,5.0,0.0,470.0,480.0,1.0,0.0,0.75,0.75
38360,43,127,Burnley,Bournemouth,4411.0,442.0,4.0,0.0,0.0,4.0,360.0,604.0,0.0,0.0,0.85,0.75
38680,6,127,Crystal Palace,Bournemouth,442.0,4411.0,5.0,3.0,3.0,5.0,429.0,517.0,0.0,0.0,0.75,0.75
38401,34,127,Fulham,Bournemouth,4231.0,343.0,0.0,3.0,3.0,0.0,547.0,495.0,1.0,0.0,0.65,0.75
38624,26,127,Leicester,Bournemouth,4141.0,442.0,2.0,0.0,0.0,2.0,605.0,423.0,0.0,0.0,0.85,0.75
38562,10,127,Liverpool,Bournemouth,433.0,451.0,3.0,0.0,0.0,3.0,707.0,363.0,0.0,0.0,0.95,0.75
38504,12,127,Man Utd,Bournemouth,4231.0,352.0,4.0,1.0,1.0,4.0,681.0,355.0,1.0,0.0,0.95,0.75
38665,20,127,Southampton,Bournemouth,433.0,532.0,3.0,3.0,3.0,3.0,351.0,459.0,0.0,0.0,0.65,0.75
38496,21,127,Spurs,Bournemouth,4231.0,4141.0,5.0,0.0,0.0,5.0,599.0,449.0,0.0,0.0,0.95,0.75
38387,33,127,Watford,Bournemouth,4222.0,442.0,0.0,4.0,4.0,0.0,374.0,426.0,1.0,0.0,0.75,0.75
38445,11,127,Man City,Bournemouth,433.0,541.0,3.0,1.0,1.0,3.0,786.0,286.0,0.0,0.0,0.95,0.75
38341,4,127,Chelsea,Bournemouth,433.0,343.0,2.0,0.0,0.0,2.0,704.0,252.0,0.0,0.0,0.95,0.75
38602,159,127,Huddersfield,Bournemouth,4231.0,442.0,0.0,2.0,2.0,0.0,462.0,372.0,0.0,0.0,0.65,0.75
38578,1,127,Arsenal,Bournemouth,3421.0,442.0,5.0,1.0,1.0,5.0,650.0,346.0,0.0,0.0,0.85,0.75
38327,25,127,West Ham,Bournemouth,442.0,442.0,1.0,2.0,2.0,1.0,494.0,321.0,0.0,0.0,0.75,0.75
38477,38,127,Wolves,Bournemouth,3412.0,3421.0,2.0,0.0,0.0,2.0,389.0,633.0,0.0,0.0,0.65,0.75
38550,46,127,Cardiff,Bournemouth,4141.0,4411.0,2.0,0.0,0.0,2.0,218.0,615.0,0.0,0.0,0.65,0.75
38426,23,127,Newcastle,Bournemouth,4411.0,4411.0,2.0,1.0,1.0,2.0,323.0,505.0,0.0,0.0,0.85,0.75
38523,7,127,Everton,Bournemouth,4231.0,4411.0,2.0,0.0,0.0,2.0,396.0,378.0,0.0,0.0,0.85,0.75
38619,131,20,Brighton,Southampton,433.0,4222.0,0.0,1.0,1.0,0.0,525.0,346.0,0.0,0.0,0.75,0.65
38549,43,20,Burnley,Southampton,442.0,352.0,1.0,1.0,1.0,1.0,457.0,404.0,0.0,0.0,0.85,0.65
38342,6,20,Crystal Palace,Southampton,442.0,442.0,0.0,2.0,2.0,0.0,432.0,423.0,0.0,0.0,0.75,0.65
38432,34,20,Fulham,Southampton,4231.0,4231.0,3.0,2.0,2.0,3.0,370.0,600.0,0.0,0.0,0.65,0.65
38524,26,20,Leicester,Southampton,433.0,3421.0,1.0,2.0,2.0,1.0,552.0,227.0,0.0,1.0,0.85,0.65
38365,10,20,Liverpool,Southampton,4231.0,4141.0,3.0,0.0,0.0,3.0,750.0,479.0,0.0,0.0,0.95,0.65
38593,12,20,Man Utd,Southampton,4312.0,3421.0,3.0,2.0,2.0,3.0,511.0,282.0,0.0,0.0,0.95,0.65
38457,21,20,Spurs,Southampton,4231.0,4231.0,3.0,1.0,1.0,3.0,527.0,473.0,0.0,0.0,0.95,0.65
38615,33,20,Watford,Southampton,4222.0,3421.0,1.0,1.0,1.0,1.0,599.0,359.0,0.0,0.0,0.75,0.65
38414,11,20,Man City,Southampton,433.0,4321.0,6.0,1.0,1.0,6.0,729.0,341.0,0.0,0.0,0.95,0.65
38511,4,20,Chelsea,Southampton,433.0,541.0,0.0,0.0,0.0,0.0,748.0,296.0,0.0,0.0,0.95,0.65
38483,159,20,Huddersfield,Southampton,3412.0,3421.0,1.0,3.0,3.0,1.0,523.0,329.0,0.0,0.0,0.65,0.65
38568,1,20,Arsenal,Southampton,4231.0,3511.0,2.0,0.0,0.0,2.0,582.0,346.0,0.0,0.0,0.85,0.65
38389,127,20,Bournemouth,Southampton,442.0,442.0,0.0,0.0,0.0,0.0,458.0,346.0,0.0,0.0,0.75,0.65
38676,25,20,West Ham,Southampton,4141.0,442.0,3.0,0.0,0.0,3.0,520.0,384.0,0.0,0.0,0.75,0.65
38377,38,20,Wolves,Southampton,3421.0,442.0,2.0,0.0,0.0,2.0,425.0,444.0,0.0,0.0,0.65,0.65
38461,46,20,Cardiff,Southampton,4141.0,4321.0,1.0,0.0,0.0,1.0,248.0,448.0,0.0,0.0,0.65,0.65
38655,23,20,Newcastle,Southampton,541.0,3421.0,3.0,1.0,1.0,3.0,320.0,417.0,0.0,0.0,0.85,0.65
38323,7,20,Everton,Southampton,4231.0,442.0,2.0,1.0,1.0,2.0,423.0,299.0,0.0,0.0,0.85,0.65
38589,131,159,Brighton,Huddersfield,433.0,41212.0,1.0,0.0,0.0,1.0,455.0,413.0,0.0,0.0,0.75,0.65
38379,43,159,Burnley,Huddersfield,442.0,4231.0,1.0,1.0,1.0,1.0,275.0,580.0,0.0,0.0,0.85,0.65
38622,6,159,Crystal Palace,Huddersfield,433.0,4231.0,2.0,0.0,0.0,2.0,423.0,449.0,0.0,0.0,0.75,0.65
38501,34,159,Fulham,Huddersfield,3421.0,3511.0,1.0,0.0,0.0,1.0,395.0,529.0,0.0,0.0,0.65,0.65
38364,26,159,Leicester,Huddersfield,4231.0,541.0,3.0,1.0,1.0,3.0,589.0,357.0,0.0,0.0,0.85,0.65
38663,10,159,Liverpool,Huddersfield,433.0,4141.0,5.0,0.0,0.0,5.0,726.0,306.0,0.0,0.0,0.95,0.65
38494,12,159,Man Utd,Huddersfield,4231.0,4231.0,3.0,1.0,1.0,3.0,634.0,335.0,0.0,0.0,0.95,0.65
38685,20,159,Southampton,Huddersfield,442.0,433.0,1.0,1.0,1.0,1.0,447.0,388.0,0.0,0.0,0.65,0.65
38646,21,159,Spurs,Huddersfield,3412.0,541.0,4.0,0.0,0.0,4.0,738.0,305.0,0.0,0.0,0.95,0.65
38407,33,159,Watford,Huddersfield,4222.0,4411.0,3.0,0.0,0.0,3.0,467.0,498.0,0.0,0.0,0.75,0.65
38325,11,159,Man City,Huddersfield,3142.0,442.0,6.0,1.0,1.0,6.0,760.0,224.0,0.0,0.0,0.95,0.65
38551,4,159,Chelsea,Huddersfield,433.0,433.0,5.0,0.0,0.0,5.0,737.0,395.0,0.0,0.0,0.95,0.65
38458,1,159,Arsenal,Huddersfield,3142.0,4231.0,1.0,0.0,0.0,1.0,525.0,323.0,0.0,0.0,0.85,0.65
38448,127,159,Bournemouth,Huddersfield,442.0,4231.0,2.0,1.0,1.0,2.0,304.0,608.0,0.0,0.0,0.75,0.65
38616,25,159,West Ham,Huddersfield,4141.0,4231.0,4.0,3.0,3.0,4.0,605.0,327.0,0.0,0.0,0.75,0.65
38437,38,159,Wolves,Huddersfield,343.0,3511.0,0.0,2.0,2.0,0.0,443.0,547.0,0.0,0.0,0.65,0.65
38520,46,159,Cardiff,Huddersfield,4141.0,4321.0,0.0,0.0,0.0,0.0,270.0,425.0,0.0,0.0,0.65,0.65
38576,23,159,Newcastle,Huddersfield,541.0,41212.0,2.0,0.0,0.0,2.0,549.0,480.0,0.0,1.0,0.85,0.65
38343,7,159,Everton,Huddersfield,4231.0,541.0,1.0,1.0,1.0,1.0,464.0,335.0,0.0,0.0,0.85,0.65
38558,131,43,Brighton,Burnley,433.0,442.0,1.0,3.0,3.0,1.0,519.0,253.0,0.0,0.0,0.75,0.85
38441,6,43,Crystal Palace,Burnley,442.0,4411.0,2.0,0.0,0.0,2.0,518.0,357.0,0.0,0.0,0.75,0.85
38330,34,43,Fulham,Burnley,433.0,4411.0,4.0,2.0,2.0,4.0,572.0,301.0,0.0,0.0,0.65,0.85
38423,26,43,Leicester,Burnley,4231.0,442.0,0.0,0.0,0.0,0.0,479.0,298.0,0.0,0.0,0.85,0.85
38604,10,43,Liverpool,Burnley,433.0,442.0,4.0,2.0,2.0,4.0,647.0,290.0,0.0,0.0,0.95,0.85
38542,12,43,Man Utd,Burnley,4141.0,442.0,2.0,2.0,2.0,2.0,650.0,228.0,0.0,0.0,0.95,0.85
38315,20,43,Southampton,Burnley,3421.0,4411.0,0.0,0.0,0.0,0.0,369.0,408.0,0.0,0.0,0.65,0.85
38475,21,43,Spurs,Burnley,4231.0,541.0,1.0,0.0,0.0,1.0,623.0,264.0,0.0,0.0,0.95,0.85
38536,33,43,Watford,Burnley,4222.0,442.0,0.0,0.0,0.0,0.0,412.0,330.0,0.0,0.0,0.75,0.85
38394,11,43,Man City,Burnley,433.0,4411.0,5.0,0.0,0.0,5.0,679.0,302.0,0.0,0.0,0.95,0.85
38651,4,43,Chelsea,Burnley,433.0,442.0,2.0,2.0,2.0,2.0,681.0,219.0,0.0,0.0,0.95,0.85
38513,159,43,Huddersfield,Burnley,4231.0,442.0,1.0,2.0,2.0,1.0,361.0,483.0,1.0,1.0,0.65,0.85
38478,1,43,Arsenal,Burnley,4312.0,532.0,3.0,1.0,1.0,3.0,553.0,357.0,0.0,0.0,0.85,0.85
38628,127,43,Bournemouth,Burnley,442.0,442.0,1.0,3.0,3.0,1.0,441.0,284.0,0.0,0.0,0.75,0.85
38416,25,43,West Ham,Burnley,4141.0,4411.0,4.0,2.0,2.0,4.0,527.0,312.0,0.0,0.0,0.75,0.85
38357,38,43,Wolves,Burnley,3421.0,442.0,1.0,0.0,0.0,1.0,567.0,395.0,0.0,0.0,0.65,0.85
38370,46,43,Cardiff,Burnley,4411.0,4411.0,1.0,2.0,2.0,1.0,318.0,287.0,0.0,0.0,0.65,0.85
38586,23,43,Newcastle,Burnley,541.0,442.0,2.0,0.0,0.0,2.0,445.0,367.0,0.0,0.0,0.85,0.85
38672,7,43,Everton,Burnley,4231.0,442.0,2.0,0.0,0.0,2.0,555.0,369.0,0.0,0.0,0.85,0.85
38548,131,33,Brighton,Watford,433.0,4222.0,0.0,0.0,0.0,0.0,456.0,383.0,0.0,0.0,0.75,0.75
38319,43,33,Burnley,Watford,4411.0,4222.0,1.0,3.0,3.0,1.0,461.0,345.0,0.0,0.0,0.85,0.75
38522,6,33,Crystal Palace,Watford,433.0,4222.0,1.0,2.0,2.0,1.0,409.0,334.0,0.0,0.0,0.75,0.75
38363,34,33,Fulham,Watford,433.0,4222.0,1.0,1.0,1.0,1.0,524.0,335.0,0.0,0.0,0.65,0.75
38443,26,33,Leicester,Watford,4231.0,4222.0,2.0,0.0,0.0,2.0,303.0,496.0,0.0,1.0,0.85,0.75
38584,10,33,Liverpool,Watford,433.0,4222.0,5.0,0.0,0.0,5.0,627.0,392.0,0.0,0.0,0.95,0.75
38626,12,33,Man Utd,Watford,4312.0,4222.0,2.0,1.0,1.0,2.0,431.0,399.0,0.0,0.0,0.95,0.75
38427,20,33,Southampton,Watford,4231.0,4222.0,1.0,1.0,1.0,1.0,305.0,420.0,0.0,0.0,0.65,0.75
38547,21,33,Spurs,Watford,352.0,4222.0,2.0,1.0,1.0,2.0,588.0,274.0,0.0,0.0,0.95,0.75
38605,11,33,Man City,Watford,433.0,451.0,3.0,1.0,1.0,3.0,727.0,298.0,0.0,0.0,0.95,0.75
38671,4,33,Chelsea,Watford,433.0,4222.0,3.0,0.0,0.0,3.0,537.0,382.0,0.0,0.0,0.95,0.75
38653,159,33,Huddersfield,Watford,4411.0,4222.0,1.0,2.0,2.0,1.0,378.0,459.0,0.0,0.0,0.65,0.75
38368,1,33,Arsenal,Watford,4231.0,4222.0,2.0,0.0,0.0,2.0,542.0,298.0,0.0,0.0,0.85,0.75
38509,127,33,Bournemouth,Watford,442.0,4222.0,3.0,3.0,3.0,3.0,491.0,379.0,0.0,0.0,0.75,0.75
38486,25,33,West Ham,Watford,442.0,4222.0,0.0,2.0,2.0,0.0,381.0,380.0,0.0,0.0,0.75,0.75
38397,38,33,Wolves,Watford,343.0,4222.0,0.0,2.0,2.0,0.0,420.0,550.0,0.0,0.0,0.65,0.75
38571,46,33,Cardiff,Watford,343.0,4222.0,1.0,5.0,5.0,1.0,313.0,579.0,0.0,0.0,0.65,0.75
38415,23,33,Newcastle,Watford,4411.0,4222.0,1.0,0.0,0.0,1.0,326.0,452.0,0.0,0.0,0.85,0.75
38463,7,33,Everton,Watford,4231.0,4222.0,2.0,2.0,2.0,2.0,412.0,321.0,0.0,0.0,0.85,0.75
38518,131,10,Brighton,Liverpool,451.0,4231.0,0.0,1.0,1.0,0.0,301.0,755.0,0.0,0.0,0.75,0.95
38450,43,10,Burnley,Liverpool,442.0,442.0,1.0,3.0,3.0,1.0,228.0,681.0,0.0,0.0,0.85,0.95
38322,6,10,Crystal Palace,Liverpool,442.0,433.0,0.0,2.0,2.0,0.0,359.0,625.0,1.0,0.0,0.75,0.95
38612,34,10,Fulham,Liverpool,433.0,433.0,1.0,2.0,2.0,1.0,365.0,595.0,0.0,0.0,0.65,0.95
38344,26,10,Leicester,Liverpool,4231.0,433.0,1.0,2.0,2.0,1.0,496.0,473.0,0.0,0.0,0.85,0.95
38575,12,10,Man Utd,Liverpool,4312.0,433.0,0.0,0.0,0.0,0.0,317.0,565.0,0.0,0.0,0.95,0.95
38634,20,10,Southampton,Liverpool,3421.0,433.0,1.0,3.0,3.0,1.0,272.0,565.0,0.0,0.0,0.65,0.95
38355,21,10,Spurs,Liverpool,41212.0,433.0,1.0,2.0,2.0,1.0,549.0,356.0,0.0,0.0,0.95,0.95
38435,33,10,Watford,Liverpool,4222.0,4231.0,0.0,3.0,3.0,0.0,360.0,637.0,0.0,1.0,0.75,0.95
38514,11,10,Man City,Liverpool,433.0,433.0,2.0,1.0,1.0,2.0,578.0,583.0,0.0,0.0,0.95,0.95
38371,4,10,Chelsea,Liverpool,433.0,433.0,1.0,1.0,1.0,1.0,558.0,616.0,0.0,0.0,0.95,0.95
38393,159,10,Huddersfield,Liverpool,3511.0,433.0,0.0,1.0,1.0,0.0,521.0,585.0,0.0,0.0,0.65,0.95
38408,1,10,Arsenal,Liverpool,4231.0,433.0,1.0,1.0,1.0,1.0,586.0,356.0,0.0,0.0,0.85,0.95
38459,127,10,Bournemouth,Liverpool,442.0,442.0,0.0,4.0,4.0,0.0,424.0,634.0,0.0,0.0,0.75,0.95
38557,25,10,West Ham,Liverpool,4141.0,433.0,1.0,1.0,1.0,1.0,245.0,690.0,0.0,0.0,0.75,0.95
38487,38,10,Wolves,Liverpool,3412.0,4231.0,0.0,2.0,2.0,0.0,420.0,675.0,0.0,0.0,0.65,0.95
38650,46,10,Cardiff,Liverpool,4141.0,433.0,0.0,2.0,2.0,0.0,193.0,619.0,0.0,0.0,0.65,0.95
38675,23,10,Newcastle,Liverpool,541.0,433.0,2.0,3.0,3.0,2.0,294.0,677.0,0.0,0.0,0.85,0.95
38591,7,10,Everton,Liverpool,4411.0,433.0,0.0,0.0,0.0,0.0,343.0,474.0,0.0,0.0,0.85,0.95
38498,131,7,Brighton,Everton,451.0,3421.0,1.0,0.0,0.0,1.0,349.0,427.0,0.0,0.0,0.75,0.85
38489,43,7,Burnley,Everton,532.0,3421.0,1.0,5.0,5.0,1.0,401.0,417.0,0.0,0.0,0.85,0.85
38660,6,7,Crystal Palace,Everton,442.0,4231.0,0.0,0.0,0.0,0.0,313.0,543.0,0.0,0.0,0.75,0.85
38641,34,7,Fulham,Everton,4231.0,4231.0,2.0,0.0,0.0,2.0,343.0,496.0,0.0,0.0,0.65,0.85
38382,26,7,Leicester,Everton,4231.0,4231.0,1.0,2.0,2.0,1.0,461.0,423.0,1.0,0.0,0.85,0.85
38444,10,7,Liverpool,Everton,4231.0,4411.0,1.0,0.0,0.0,1.0,521.0,388.0,0.0,0.0,0.95,0.85
38404,12,7,Man Utd,Everton,433.0,4231.0,2.0,1.0,1.0,2.0,486.0,413.0,0.0,0.0,0.95,0.85
38535,20,7,Southampton,Everton,352.0,4231.0,2.0,1.0,1.0,2.0,302.0,473.0,0.0,0.0,0.65,0.85
38686,21,7,Spurs,Everton,4231.0,4231.0,2.0,2.0,2.0,2.0,543.0,436.0,0.0,0.0,0.95,0.85
38566,33,7,Watford,Everton,4222.0,4231.0,1.0,0.0,0.0,1.0,327.0,425.0,0.0,1.0,0.75,0.85
38473,11,7,Man City,Everton,433.0,541.0,3.0,1.0,1.0,3.0,705.0,335.0,0.0,0.0,0.95,0.85
38420,4,7,Chelsea,Everton,433.0,4231.0,0.0,0.0,0.0,0.0,688.0,309.0,0.0,0.0,0.95,0.85
38541,159,7,Huddersfield,Everton,433.0,4141.0,0.0,1.0,1.0,0.0,548.0,400.0,0.0,1.0,0.65,0.85
38358,1,7,Arsenal,Everton,4231.0,4231.0,2.0,0.0,0.0,2.0,555.0,315.0,0.0,0.0,0.85,0.85
38329,127,7,Bournemouth,Everton,442.0,4411.0,2.0,2.0,2.0,2.0,382.0,389.0,1.0,1.0,0.75,0.85
38627,25,7,West Ham,Everton,442.0,4231.0,0.0,2.0,2.0,0.0,420.0,431.0,0.0,0.0,0.75,0.85
38317,38,7,Wolves,Everton,343.0,4231.0,2.0,2.0,2.0,2.0,547.0,409.0,0.0,1.0,0.65,0.85
38579,46,7,Cardiff,Everton,4411.0,4231.0,0.0,3.0,3.0,0.0,257.0,534.0,0.0,0.0,0.65,0.85
38606,23,7,Newcastle,Everton,343.0,4231.0,3.0,2.0,2.0,3.0,361.0,443.0,0.0,0.0,0.85,0.85
38488,131,1,Brighton,Arsenal,451.0,41212.0,1.0,1.0,1.0,1.0,324.0,711.0,0.0,0.0,0.75,0.85
38679,43,1,Burnley,Arsenal,442.0,4231.0,1.0,3.0,3.0,1.0,341.0,533.0,0.0,0.0,0.85,0.85
38400,6,1,Crystal Palace,Arsenal,442.0,4231.0,2.0,2.0,2.0,2.0,399.0,555.0,0.0,0.0,0.75,0.85
38381,34,1,Fulham,Arsenal,343.0,442.0,1.0,5.0,5.0,1.0,473.0,504.0,0.0,0.0,0.65,0.85
38662,26,1,Leicester,Arsenal,4141.0,442.0,3.0,0.0,0.0,3.0,610.0,293.0,0.0,1.0,0.85,0.85
38503,10,1,Liverpool,Arsenal,4231.0,4231.0,5.0,1.0,1.0,5.0,511.0,551.0,0.0,0.0,0.95,0.85
38452,12,1,Man Utd,Arsenal,3412.0,3421.0,2.0,2.0,2.0,2.0,447.0,545.0,0.0,0.0,0.95,0.85
38474,20,1,Southampton,Arsenal,3421.0,343.0,3.0,2.0,2.0,3.0,317.0,629.0,0.0,0.0,0.65,0.85
38594,21,1,Spurs,Arsenal,3412.0,4231.0,1.0,1.0,1.0,1.0,508.0,334.0,0.0,1.0,0.95,0.85
38647,33,1,Watford,Arsenal,352.0,4231.0,0.0,1.0,1.0,0.0,327.0,660.0,1.0,0.0,0.75,0.85
38555,11,1,Man City,Arsenal,433.0,442.0,3.0,1.0,1.0,3.0,613.0,432.0,0.0,0.0,0.95,0.85
38321,4,1,Chelsea,Arsenal,433.0,4231.0,3.0,2.0,2.0,3.0,720.0,429.0,0.0,0.0,0.95,0.85
38561,159,1,Huddersfield,Arsenal,41212.0,343.0,1.0,2.0,2.0,1.0,482.0,410.0,0.0,0.0,0.65,0.85
38428,127,1,Bournemouth,Arsenal,442.0,3421.0,1.0,2.0,2.0,1.0,394.0,574.0,0.0,0.0,0.75,0.85
38527,25,1,West Ham,Arsenal,4231.0,3421.0,1.0,0.0,0.0,1.0,380.0,555.0,0.0,0.0,0.75,0.85
38617,38,1,Wolves,Arsenal,352.0,4231.0,3.0,1.0,1.0,3.0,285.0,690.0,0.0,0.0,0.65,0.85
38340,46,1,Cardiff,Arsenal,442.0,4231.0,2.0,3.0,3.0,2.0,234.0,635.0,0.0,0.0,0.65,0.85
38353,23,1,Newcastle,Arsenal,4411.0,4231.0,1.0,2.0,2.0,1.0,327.0,598.0,0.0,0.0,0.85,0.85
38630,7,1,Everton,Arsenal,4231.0,3421.0,1.0,0.0,0.0,1.0,381.0,513.0,0.0,0.0,0.85,0.85
38468,131,4,Brighton,Chelsea,4411.0,433.0,1.0,2.0,2.0,1.0,455.0,654.0,0.0,0.0,0.75,0.95
38399,43,4,Burnley,Chelsea,4411.0,433.0,0.0,4.0,4.0,0.0,325.0,796.0,0.0,0.0,0.85,0.95
38500,6,4,Crystal Palace,Chelsea,451.0,433.0,0.0,1.0,1.0,0.0,394.0,781.0,0.0,0.0,0.75,0.95
38592,34,4,Fulham,Chelsea,4231.0,433.0,1.0,2.0,2.0,1.0,384.0,694.0,0.0,0.0,0.65,0.95
38682,26,4,Leicester,Chelsea,4141.0,433.0,0.0,0.0,0.0,0.0,470.0,533.0,0.0,0.0,0.85,0.95
38643,10,4,Liverpool,Chelsea,433.0,433.0,2.0,0.0,0.0,2.0,646.0,401.0,0.0,0.0,0.95,0.95
38664,12,4,Man Utd,Chelsea,4312.0,433.0,1.0,1.0,1.0,1.0,467.0,422.0,0.0,0.0,0.95,0.95
38385,20,4,Southampton,Chelsea,3421.0,433.0,0.0,3.0,3.0,0.0,346.0,651.0,0.0,0.0,0.65,0.95
38434,21,4,Spurs,Chelsea,41212.0,433.0,3.0,1.0,1.0,3.0,369.0,549.0,0.0,0.0,0.95,0.95
38497,33,4,Watford,Chelsea,4222.0,433.0,1.0,2.0,2.0,1.0,392.0,729.0,0.0,0.0,0.75,0.95
38563,11,4,Man City,Chelsea,433.0,433.0,6.0,0.0,0.0,6.0,681.0,535.0,0.0,0.0,0.95,0.95
38311,159,4,Huddersfield,Chelsea,3511.0,433.0,0.0,3.0,3.0,0.0,372.0,658.0,0.0,0.0,0.65,0.95
38528,1,4,Arsenal,Chelsea,41212.0,433.0,2.0,0.0,0.0,2.0,355.0,647.0,0.0,0.0,0.85,0.95
38539,127,4,Bournemouth,Chelsea,4411.0,433.0,4.0,0.0,0.0,4.0,338.0,716.0,0.0,0.0,0.75,0.95
38367,25,4,West Ham,Chelsea,433.0,433.0,0.0,0.0,0.0,0.0,297.0,758.0,0.0,0.0,0.75,0.95
38455,38,4,Wolves,Chelsea,3421.0,433.0,2.0,1.0,1.0,2.0,284.0,678.0,0.0,0.0,0.65,0.95
38621,46,4,Cardiff,Chelsea,4231.0,433.0,1.0,2.0,2.0,1.0,239.0,592.0,0.0,0.0,0.65,0.95
38334,23,4,Newcastle,Chelsea,541.0,433.0,1.0,2.0,2.0,1.0,200.0,913.0,0.0,0.0,0.85,0.95
38611,7,4,Everton,Chelsea,4231.0,433.0,2.0,0.0,0.0,2.0,314.0,666.0,0.0,0.0,0.85,0.95
38449,131,6,Brighton,Crystal Palace,433.0,442.0,3.0,1.0,1.0,3.0,269.0,591.0,1.0,0.0,0.75,0.75
38590,43,6,Burnley,Crystal Palace,442.0,451.0,1.0,3.0,3.0,1.0,422.0,348.0,0.0,0.0,0.85,0.75
38310,34,6,Fulham,Crystal Palace,433.0,442.0,0.0,2.0,2.0,0.0,672.0,347.0,0.0,0.0,0.65,0.75
38574,26,6,Leicester,Crystal Palace,433.0,433.0,1.0,4.0,4.0,1.0,541.0,289.0,0.0,0.0,0.85,0.75
38532,10,6,Liverpool,Crystal Palace,4231.0,451.0,4.0,3.0,3.0,4.0,734.0,304.0,1.0,0.0,0.95,0.75
38433,12,6,Man Utd,Crystal Palace,433.0,442.0,0.0,0.0,0.0,0.0,509.0,351.0,0.0,0.0,0.95,0.75
38546,20,6,Southampton,Crystal Palace,352.0,433.0,1.0,1.0,1.0,1.0,532.0,371.0,0.0,1.0,0.65,0.75
38614,21,6,Spurs,Crystal Palace,4231.0,433.0,2.0,0.0,0.0,2.0,687.0,364.0,0.0,0.0,0.95,0.75
38336,33,6,Watford,Crystal Palace,4222.0,442.0,2.0,1.0,1.0,2.0,331.0,436.0,0.0,0.0,0.75,0.75
38484,11,6,Man City,Crystal Palace,433.0,451.0,2.0,3.0,3.0,2.0,733.0,213.0,0.0,0.0,0.95,0.75
38411,4,6,Chelsea,Crystal Palace,433.0,442.0,3.0,1.0,1.0,3.0,883.0,313.0,0.0,0.0,0.95,0.75
38351,159,6,Huddersfield,Crystal Palace,343.0,433.0,0.0,1.0,1.0,0.0,494.0,363.0,0.0,0.0,0.65,0.75
38648,1,6,Arsenal,Crystal Palace,3412.0,442.0,2.0,3.0,3.0,2.0,656.0,249.0,0.0,0.0,0.85,0.75
38369,127,6,Bournemouth,Crystal Palace,442.0,433.0,2.0,1.0,1.0,2.0,425.0,532.0,0.0,0.0,0.75,0.75
38467,25,6,West Ham,Crystal Palace,442.0,442.0,3.0,2.0,2.0,3.0,430.0,474.0,0.0,0.0,0.75,0.75
38517,38,6,Wolves,Crystal Palace,343.0,433.0,0.0,2.0,2.0,0.0,527.0,480.0,0.0,0.0,0.65,0.75
38670,46,6,Cardiff,Crystal Palace,4411.0,442.0,2.0,3.0,3.0,2.0,276.0,446.0,0.0,0.0,0.65,0.75
38633,23,6,Newcastle,Crystal Palace,541.0,442.0,0.0,1.0,1.0,0.0,436.0,392.0,0.0,0.0,0.85,0.75
38392,7,6,Everton,Crystal Palace,4231.0,442.0,2.0,0.0,0.0,2.0,510.0,350.0,0.0,0.0,0.85,0.75
38429,131,26,Brighton,Leicester,4411.0,4231.0,1.0,1.0,1.0,1.0,431.0,369.0,0.0,1.0,0.75,0.85
38610,43,26,Burnley,Leicester,442.0,4141.0,1.0,2.0,2.0,1.0,472.0,294.0,0.0,1.0,0.85,0.85
38469,6,26,Crystal Palace,Leicester,442.0,4231.0,1.0,0.0,0.0,1.0,384.0,495.0,0.0,0.0,0.75,0.85
38451,34,26,Fulham,Leicester,4231.0,4231.0,1.0,1.0,1.0,1.0,315.0,385.0,0.0,0.0,0.65,0.85
38544,10,26,Liverpool,Leicester,4231.0,4411.0,1.0,1.0,1.0,1.0,779.0,301.0,0.0,0.0,0.95,0.85
38313,12,26,Man Utd,Leicester,433.0,4231.0,2.0,1.0,1.0,2.0,485.0,543.0,0.0,0.0,0.95,0.85
38335,20,26,Southampton,Leicester,442.0,4231.0,1.0,2.0,2.0,1.0,447.0,425.0,1.0,0.0,0.65,0.85
38565,21,26,Spurs,Leicester,41212.0,4141.0,3.0,1.0,1.0,3.0,499.0,437.0,0.0,0.0,0.95,0.85
38595,33,26,Watford,Leicester,4222.0,3421.0,2.0,1.0,1.0,2.0,371.0,576.0,0.0,0.0,0.75,0.85
38674,11,26,Man City,Leicester,433.0,451.0,1.0,0.0,0.0,1.0,636.0,416.0,0.0,0.0,0.95,0.85
38481,4,26,Chelsea,Leicester,433.0,433.0,0.0,1.0,1.0,0.0,693.0,262.0,0.0,0.0,0.95,0.85
38631,159,26,Huddersfield,Leicester,4411.0,4141.0,1.0,4.0,4.0,1.0,369.0,467.0,0.0,0.0,0.65,0.85
38388,1,26,Arsenal,Leicester,4231.0,3412.0,3.0,1.0,1.0,3.0,703.0,309.0,0.0,0.0,0.85,0.85
38348,127,26,Bournemouth,Leicester,442.0,4231.0,4.0,2.0,2.0,4.0,360.0,398.0,0.0,1.0,0.75,0.85
38656,25,26,West Ham,Leicester,4141.0,4411.0,2.0,2.0,2.0,2.0,410.0,425.0,0.0,0.0,0.75,0.85
38537,38,26,Wolves,Leicester,352.0,4231.0,4.0,3.0,3.0,4.0,381.0,447.0,0.0,0.0,0.65,0.85
38410,46,26,Cardiff,Leicester,4411.0,4231.0,0.0,1.0,1.0,0.0,271.0,403.0,0.0,0.0,0.65,0.85
38375,23,26,Newcastle,Leicester,4411.0,4231.0,0.0,2.0,2.0,0.0,376.0,525.0,0.0,0.0,0.85,0.85
38512,7,26,Everton,Leicester,4231.0,433.0,0.0,1.0,1.0,0.0,525.0,366.0,0.0,0.0,0.85,0.85
38398,131,38,Brighton,Wolves,4411.0,3421.0,1.0,0.0,0.0,1.0,362.0,523.0,0.0,0.0,0.75,0.65
38620,43,38,Burnley,Wolves,442.0,352.0,2.0,0.0,0.0,2.0,322.0,534.0,0.0,0.0,0.85,0.65
38380,6,38,Crystal Palace,Wolves,442.0,343.0,0.0,1.0,1.0,0.0,641.0,314.0,0.0,0.0,0.75,0.65
38491,34,38,Fulham,Wolves,343.0,3412.0,1.0,1.0,1.0,1.0,286.0,685.0,0.0,0.0,0.65,0.65
38324,26,38,Leicester,Wolves,4231.0,3421.0,2.0,0.0,0.0,2.0,382.0,500.0,1.0,0.0,0.85,0.65
38683,10,38,Liverpool,Wolves,433.0,352.0,2.0,0.0,0.0,2.0,603.0,427.0,0.0,0.0,0.95,0.65
38366,12,38,Man Utd,Wolves,433.0,3421.0,1.0,1.0,1.0,1.0,684.0,379.0,0.0,0.0,0.95,0.65
38645,20,38,Southampton,Wolves,3421.0,352.0,3.0,1.0,1.0,3.0,281.0,625.0,0.0,0.0,0.65,0.65
38506,21,38,Spurs,Wolves,41212.0,3421.0,1.0,3.0,3.0,1.0,664.0,413.0,0.0,0.0,0.95,0.65
38667,33,38,Watford,Wolves,4222.0,352.0,1.0,2.0,2.0,1.0,495.0,386.0,0.0,0.0,0.75,0.65
38525,11,38,Man City,Wolves,433.0,352.0,3.0,0.0,0.0,3.0,872.0,283.0,0.0,1.0,0.95,0.65
38600,4,38,Chelsea,Wolves,433.0,352.0,1.0,1.0,1.0,1.0,820.0,277.0,0.0,0.0,0.95,0.65
38581,159,38,Huddersfield,Wolves,41212.0,352.0,1.0,0.0,0.0,1.0,445.0,461.0,0.0,0.0,0.65,0.65
38418,1,38,Arsenal,Wolves,4231.0,343.0,1.0,1.0,1.0,1.0,734.0,292.0,0.0,0.0,0.85,0.65
38569,127,38,Bournemouth,Wolves,4411.0,352.0,1.0,1.0,1.0,1.0,370.0,468.0,0.0,0.0,0.75,0.65
38347,25,38,West Ham,Wolves,4231.0,3421.0,0.0,1.0,1.0,0.0,444.0,495.0,0.0,0.0,0.75,0.65
38439,46,38,Cardiff,Wolves,3142.0,3421.0,2.0,1.0,1.0,2.0,312.0,345.0,0.0,0.0,0.65,0.65
38466,23,38,Newcastle,Wolves,3511.0,343.0,1.0,2.0,2.0,1.0,425.0,425.0,1.0,0.0,0.85,0.65
38553,7,38,Everton,Wolves,4141.0,352.0,1.0,3.0,3.0,1.0,534.0,306.0,0.0,0.0,0.85,0.65
38378,131,25,Brighton,West Ham,4411.0,4141.0,1.0,0.0,0.0,1.0,282.0,514.0,0.0,0.0,0.75,0.75
38499,43,25,Burnley,West Ham,442.0,442.0,2.0,0.0,0.0,2.0,338.0,453.0,0.0,0.0,0.85,0.75
38559,6,25,Crystal Palace,West Ham,433.0,4141.0,1.0,1.0,1.0,1.0,482.0,371.0,0.0,0.0,0.75,0.75
38470,34,25,Fulham,West Ham,442.0,442.0,0.0,2.0,2.0,0.0,498.0,391.0,0.0,0.0,0.65,0.75
38402,26,25,Leicester,West Ham,4231.0,4141.0,1.0,1.0,1.0,1.0,552.0,327.0,0.0,1.0,0.85,0.75
38312,10,25,Liverpool,West Ham,433.0,4231.0,4.0,0.0,0.0,4.0,673.0,360.0,0.0,0.0,0.95,0.75
38644,12,25,Man Utd,West Ham,4231.0,4141.0,2.0,1.0,1.0,2.0,373.0,519.0,0.0,0.0,0.95,0.75
38495,20,25,Southampton,West Ham,3421.0,4231.0,1.0,2.0,2.0,1.0,409.0,487.0,0.0,0.0,0.65,0.75
38666,21,25,Spurs,West Ham,41212.0,4141.0,0.0,1.0,1.0,0.0,614.0,351.0,0.0,0.0,0.95,0.75
38687,33,25,Watford,West Ham,4222.0,4141.0,1.0,4.0,4.0,1.0,419.0,460.0,1.0,0.0,0.75,0.75
38585,11,25,Man City,West Ham,433.0,4231.0,1.0,0.0,0.0,1.0,780.0,255.0,0.0,0.0,0.95,0.75
38629,4,25,Chelsea,West Ham,433.0,4231.0,2.0,0.0,0.0,2.0,485.0,406.0,0.0,0.0,0.95,0.75
38422,159,25,Huddersfield,West Ham,3511.0,4141.0,1.0,1.0,1.0,1.0,354.0,448.0,0.0,0.0,0.65,0.75
38328,1,25,Arsenal,West Ham,4231.0,4411.0,3.0,1.0,1.0,3.0,544.0,341.0,0.0,0.0,0.85,0.75
38529,127,25,Bournemouth,West Ham,442.0,4231.0,2.0,0.0,0.0,2.0,359.0,582.0,0.0,0.0,0.75,0.75
38543,38,25,Wolves,West Ham,352.0,442.0,3.0,0.0,0.0,3.0,477.0,400.0,0.0,0.0,0.65,0.75
38599,46,25,Cardiff,West Ham,4231.0,4141.0,2.0,0.0,0.0,2.0,226.0,565.0,0.0,0.0,0.65,0.75
38446,23,25,Newcastle,West Ham,4411.0,442.0,0.0,3.0,3.0,0.0,492.0,358.0,0.0,0.0,0.85,0.75
38350,7,25,Everton,West Ham,4231.0,4141.0,1.0,3.0,3.0,1.0,458.0,380.0,0.0,0.0,0.85,0.75
38359,131,21,Brighton,Spurs,4141.0,4231.0,1.0,2.0,2.0,1.0,255.0,658.0,0.0,0.0,0.75,0.95
38570,43,21,Burnley,Spurs,442.0,352.0,2.0,1.0,1.0,2.0,214.0,504.0,0.0,0.0,0.85,0.95
38421,6,21,Crystal Palace,Spurs,442.0,4231.0,0.0,1.0,1.0,0.0,306.0,581.0,0.0,0.0,0.75,0.95
38530,34,21,Fulham,Spurs,343.0,3421.0,1.0,2.0,2.0,1.0,245.0,682.0,0.0,0.0,0.65,0.95
38464,26,21,Leicester,Spurs,433.0,4231.0,0.0,2.0,2.0,0.0,410.0,578.0,0.0,0.0,0.85,0.95
38625,10,21,Liverpool,Spurs,433.0,3142.0,2.0,1.0,1.0,2.0,445.0,485.0,0.0,0.0,0.95,0.95
38333,12,21,Man Utd,Spurs,3511.0,41212.0,0.0,3.0,3.0,0.0,488.0,382.0,0.0,0.0,0.95,0.95
38607,20,21,Southampton,Spurs,3421.0,41212.0,2.0,1.0,1.0,2.0,291.0,511.0,0.0,0.0,0.65,0.95
38346,33,21,Watford,Spurs,4222.0,3142.0,2.0,1.0,1.0,2.0,289.0,532.0,0.0,0.0,0.75,0.95
38654,11,21,Man City,Spurs,433.0,532.0,1.0,0.0,0.0,1.0,582.0,379.0,0.0,0.0,0.95,0.95
38583,4,21,Chelsea,Spurs,433.0,4231.0,2.0,0.0,0.0,2.0,480.0,546.0,0.0,0.0,0.95,0.95
38373,159,21,Huddersfield,Spurs,3511.0,3421.0,0.0,2.0,2.0,0.0,420.0,388.0,0.0,0.0,0.65,0.95
38438,1,21,Arsenal,Spurs,343.0,41212.0,4.0,2.0,2.0,4.0,477.0,331.0,0.0,1.0,0.85,0.95
38669,127,21,Bournemouth,Spurs,4411.0,4231.0,1.0,0.0,0.0,1.0,439.0,404.0,0.0,2.0,0.75,0.95
38396,25,21,West Ham,Spurs,4141.0,4321.0,0.0,1.0,1.0,0.0,377.0,506.0,0.0,0.0,0.75,0.95
38417,38,21,Wolves,Spurs,343.0,4321.0,2.0,3.0,3.0,2.0,458.0,505.0,0.0,0.0,0.65,0.95
38510,46,21,Cardiff,Spurs,4141.0,41212.0,0.0,3.0,3.0,0.0,290.0,823.0,0.0,0.0,0.65,0.95
38314,23,21,Newcastle,Spurs,4411.0,4321.0,1.0,2.0,2.0,1.0,387.0,573.0,0.0,0.0,0.85,0.95
38482,7,21,Everton,Spurs,4231.0,41212.0,2.0,6.0,6.0,2.0,412.0,605.0,0.0,0.0,0.85,0.95
38338,131,34,Brighton,Fulham,4411.0,433.0,2.0,2.0,2.0,2.0,370.0,551.0,0.0,0.0,0.75,0.65
38519,43,34,Burnley,Fulham,442.0,343.0,2.0,1.0,1.0,2.0,419.0,564.0,0.0,0.0,0.85,0.65
38552,6,34,Crystal Palace,Fulham,442.0,343.0,2.0,0.0,0.0,2.0,346.0,608.0,0.0,0.0,0.75,0.65
38603,26,34,Leicester,Fulham,433.0,433.0,3.0,1.0,1.0,3.0,521.0,464.0,0.0,0.0,0.85,0.65
38424,10,34,Liverpool,Fulham,4231.0,4231.0,2.0,0.0,0.0,2.0,725.0,263.0,0.0,0.0,0.95,0.65
38465,12,34,Man Utd,Fulham,4231.0,4231.0,4.0,1.0,1.0,4.0,625.0,376.0,0.0,1.0,0.95,0.65
38587,20,34,Southampton,Fulham,3421.0,4312.0,2.0,0.0,0.0,2.0,380.0,566.0,0.0,0.0,0.65,0.65
38326,21,34,Spurs,Fulham,3142.0,433.0,3.0,1.0,1.0,3.0,629.0,435.0,0.0,0.0,0.95,0.65
38636,33,34,Watford,Fulham,4222.0,343.0,4.0,1.0,1.0,4.0,462.0,531.0,0.0,0.0,0.75,0.65
38352,11,34,Man City,Fulham,433.0,433.0,3.0,0.0,0.0,3.0,736.0,400.0,0.0,0.0,0.95,0.65
38440,4,34,Chelsea,Fulham,433.0,41212.0,2.0,0.0,0.0,2.0,725.0,360.0,0.0,0.0,0.95,0.65
38413,159,34,Huddersfield,Fulham,3412.0,433.0,1.0,0.0,0.0,1.0,387.0,490.0,0.0,0.0,0.65,0.65
38508,1,34,Arsenal,Fulham,3421.0,343.0,4.0,1.0,1.0,4.0,542.0,365.0,0.0,0.0,0.85,0.65
38649,127,34,Bournemouth,Fulham,442.0,4231.0,0.0,1.0,1.0,0.0,445.0,457.0,0.0,0.0,0.75,0.65
38577,25,34,West Ham,Fulham,4141.0,4411.0,3.0,1.0,1.0,3.0,553.0,473.0,0.0,0.0,0.75,0.65
38677,38,34,Wolves,Fulham,352.0,532.0,1.0,0.0,0.0,1.0,376.0,601.0,0.0,0.0,0.65,0.65
38390,46,34,Cardiff,Fulham,4411.0,433.0,4.0,2.0,2.0,4.0,313.0,479.0,0.0,0.0,0.65,0.65
38485,23,34,Newcastle,Fulham,541.0,343.0,0.0,0.0,0.0,0.0,499.0,463.0,0.0,0.0,0.85,0.65
38372,7,34,Everton,Fulham,4231.0,4411.0,3.0,0.0,0.0,3.0,388.0,391.0,0.0,0.0,0.85,0.65
38318,131,12,Brighton,Man Utd,4411.0,433.0,3.0,2.0,2.0,3.0,283.0,572.0,0.0,0.0,0.75,0.95
38339,43,12,Burnley,Man Utd,4411.0,433.0,0.0,2.0,2.0,0.0,437.0,513.0,0.0,1.0,0.85,0.95
38580,6,12,Crystal Palace,Man Utd,433.0,433.0,1.0,3.0,3.0,1.0,374.0,468.0,0.0,0.0,0.75,0.95
38560,34,12,Fulham,Man Utd,4231.0,433.0,0.0,3.0,3.0,0.0,503.0,483.0,0.0,0.0,0.65,0.95
38554,26,12,Leicester,Man Utd,4231.0,4222.0,0.0,1.0,1.0,0.0,418.0,532.0,0.0,0.0,0.85,0.95
38472,10,12,Liverpool,Man Utd,4411.0,4411.0,3.0,1.0,1.0,3.0,562.0,321.0,0.0,0.0,0.95,0.95
38447,20,12,Southampton,Man Utd,3412.0,532.0,2.0,2.0,2.0,2.0,358.0,520.0,0.0,0.0,0.65,0.95
38526,21,12,Spurs,Man Utd,41212.0,41212.0,0.0,1.0,1.0,0.0,567.0,363.0,0.0,0.0,0.95,0.95
38356,33,12,Watford,Man Utd,4222.0,433.0,1.0,2.0,2.0,1.0,387.0,520.0,0.0,1.0,0.75,0.95
38425,11,12,Man City,Man Utd,433.0,433.0,3.0,1.0,1.0,3.0,700.0,380.0,0.0,0.0,0.95,0.95
38391,4,12,Chelsea,Man Utd,433.0,4231.0,2.0,2.0,2.0,2.0,611.0,371.0,0.0,0.0,0.95,0.95
38673,159,12,Huddersfield,Man Utd,433.0,4312.0,1.0,1.0,1.0,1.0,332.0,600.0,0.0,0.0,0.65,0.95
38598,1,12,Arsenal,Man Utd,3412.0,442.0,2.0,0.0,0.0,2.0,395.0,465.0,0.0,0.0,0.85,0.95
38409,127,12,Bournemouth,Man Utd,4411.0,433.0,1.0,2.0,2.0,1.0,412.0,447.0,0.0,0.0,0.75,0.95
38376,25,12,West Ham,Man Utd,4141.0,532.0,3.0,1.0,1.0,3.0,455.0,457.0,0.0,0.0,0.75,0.95
38637,38,12,Wolves,Man Utd,352.0,3511.0,2.0,1.0,1.0,2.0,510.0,515.0,0.0,1.0,0.65,0.95
38480,46,12,Cardiff,Man Utd,4141.0,433.0,1.0,5.0,5.0,1.0,209.0,640.0,0.0,0.0,0.65,0.95
38515,23,12,Newcastle,Man Utd,541.0,4231.0,0.0,2.0,2.0,0.0,350.0,687.0,0.0,0.0,0.85,0.95
38652,7,12,Everton,Man Utd,4231.0,433.0,4.0,0.0,0.0,4.0,383.0,417.0,0.0,0.0,0.85,0.95
38460,43,131,Burnley,Brighton,442.0,433.0,1.0,0.0,0.0,1.0,307.0,515.0,0.0,0.0,0.85,0.75
38601,6,131,Crystal Palace,Brighton,433.0,451.0,1.0,2.0,2.0,1.0,579.0,358.0,0.0,0.0,0.75,0.75
38540,34,131,Fulham,Brighton,343.0,433.0,4.0,2.0,2.0,4.0,623.0,382.0,0.0,0.0,0.65,0.75
38582,26,131,Leicester,Brighton,433.0,433.0,2.0,1.0,1.0,2.0,446.0,444.0,0.0,0.0,0.85,0.75
38332,10,131,Liverpool,Brighton,433.0,451.0,1.0,0.0,0.0,1.0,765.0,327.0,0.0,0.0,0.95,0.75
38533,12,131,Man Utd,Brighton,433.0,451.0,2.0,1.0,1.0,2.0,507.0,391.0,0.0,0.0,0.95,0.75
38354,20,131,Southampton,Brighton,442.0,4141.0,2.0,2.0,2.0,2.0,468.0,442.0,0.0,0.0,0.65,0.75
38635,21,131,Spurs,Brighton,433.0,433.0,1.0,0.0,0.0,1.0,713.0,194.0,0.0,0.0,0.95,0.75
38316,33,131,Watford,Brighton,4222.0,4411.0,2.0,0.0,0.0,2.0,437.0,385.0,0.0,0.0,0.75,0.75
38374,11,131,Man City,Brighton,433.0,4141.0,2.0,0.0,0.0,2.0,850.0,210.0,0.0,0.0,0.95,0.75
38572,4,131,Chelsea,Brighton,433.0,433.0,3.0,0.0,0.0,3.0,753.0,350.0,0.0,0.0,0.95,0.75
38442,159,131,Huddersfield,Brighton,3511.0,433.0,1.0,2.0,2.0,1.0,265.0,568.0,1.0,0.0,0.65,0.75
38668,1,131,Arsenal,Brighton,4312.0,451.0,1.0,1.0,1.0,1.0,564.0,235.0,0.0,0.0,0.85,0.75
38479,127,131,Bournemouth,Brighton,442.0,4141.0,2.0,0.0,0.0,2.0,541.0,392.0,0.0,1.0,0.75,0.75
38516,25,131,West Ham,Brighton,442.0,451.0,2.0,2.0,2.0,2.0,494.0,410.0,0.0,0.0,0.75,0.75
38657,38,131,Wolves,Brighton,352.0,433.0,0.0,0.0,0.0,0.0,615.0,297.0,0.0,0.0,0.65,0.75
38419,46,131,Cardiff,Brighton,4141.0,4411.0,2.0,1.0,1.0,2.0,472.0,315.0,0.0,1.0,0.65,0.75
38395,23,131,Newcastle,Brighton,4411.0,4411.0,0.0,1.0,1.0,0.0,504.0,247.0,0.0,0.0,0.85,0.75
38412,7,131,Everton,Brighton,4231.0,4411.0,3.0,1.0,1.0,3.0,491.0,315.0,0.0,0.0,0.85,0.75
